epoch,loss,val_psnr,val_psnr_bic,val_hf,val_hf_bic
0,,23.085842268807546,23.160689081464493,0.30505553420100895,0.3020754078669207
1,0.09313554679484744,23.331889288766043,23.160689081464493,0.33865039007339093,0.3020754078669207
2,0.09108820297804318,23.379356929234095,23.160689081464493,0.3456079631910792,0.3020754078669207
3,0.09079021369842322,23.441442353384836,23.160689081464493,0.35007181592352155,0.3020754078669207
4,0.09102652780711651,23.470837320600236,23.160689081464493,0.3506184490231265,0.3020754078669207
5,0.09048036017798279,23.511583873203822,23.160689081464493,0.35379293442903353,0.3020754078669207
6,0.09051364476449396,23.499812398638046,23.160689081464493,0.35218717543674366,0.3020754078669207
7,0.08985298925912694,23.552911485944474,23.160689081464493,0.351370280458858,0.3020754078669207
8,0.08973410705986776,23.54418236868722,23.160689081464493,0.3530805312496211,0.3020754078669207
9,0.09063572152272652,23.533243043082102,23.160689081464493,0.3541167048471315,0.3020754078669207
10,0.0891893041614247,23.600548880440847,23.160689081464493,0.3588023525829028,0.3020754078669207
11,0.089403929262373,23.59427465711321,23.160689081464493,0.35625045063040617,0.3020754078669207
12,0.089106787388262,23.6177122933524,23.160689081464493,0.3560584094042757,0.3020754078669207
13,0.08885908077814077,23.64043358394078,23.160689081464493,0.3569365857401863,0.3020754078669207
14,0.089096830128447,23.610778536115372,23.160689081464493,0.35505005336433115,0.3020754078669207
15,0.09015495727132809,23.62867886679513,23.160689081464493,0.35783367327946636,0.3020754078669207
16,0.08909644289432388,23.64734649658203,23.160689081464493,0.3572008359229325,0.3020754078669207
17,0.08964123969015322,23.644384111676896,23.160689081464493,0.3573052240868232,0.3020754078669207
18,0.08962644413603764,23.63679940359933,23.160689081464493,0.35745025863538366,0.3020754078669207
19,0.08964311289846112,23.663638387407577,23.160689081464493,0.35770055036326603,0.3020754078669207
20,0.08840577980797541,23.671542985098704,23.160689081464493,0.3593187413145123,0.3020754078669207
21,0.08908398461675174,23.660154751368932,23.160689081464493,0.35614398018723087,0.3020754078669207
22,0.08888622135610173,23.68058177403041,23.160689081464493,0.35837550530881607,0.3020754078669207
23,0.08888262613235336,23.671017783028738,23.160689081464493,0.3587105419678015,0.3020754078669207
24,0.08899143477901816,23.67910357883998,23.160689081464493,0.3576007319082107,0.3020754078669207
25,0.08825176760652348,23.675391605922155,23.160689081464493,0.3570989713189192,0.3020754078669207
26,0.08940845392154236,23.671179226466588,23.160689081464493,0.35692426396001664,0.3020754078669207
27,0.08904833040249191,23.67964662824358,23.160689081464493,0.3567642357832353,0.3020754078669207
28,0.08854731674747247,23.679846491132462,23.160689081464493,0.35700713034852277,0.3020754078669207
29,0.08801400247275044,23.676364626203263,23.160689081464493,0.3570302577656029,0.3020754078669207
30,0.08886100280735838,23.678473608834402,23.160689081464493,0.357093969426517,0.3020754078669207
