epoch,loss,val_psnr,val_psnr_bic,val_hf,val_hf_bic,india_gain_db
0,,23.085842268807546,23.160689081464493,0.30505553420100895,0.3020754078669207,1.597078263759613
1,0.08915078693902806,23.28124713897705,23.160689081464493,0.3322759129639183,0.3020754078669207,1.5504187047481537
2,0.08862414371565376,23.285072599138534,23.160689081464493,0.33302431024744045,0.3020754078669207,1.5364933907985687
3,0.08819003567393673,23.31236743927002,23.160689081464493,0.33595848073517637,0.3020754078669207,1.5043846666812897
4,0.08776886503849375,23.329696246555873,23.160689081464493,0.33794052832360777,0.3020754078669207,1.529198706150055
5,0.08827215105932402,23.332776750837052,23.160689081464493,0.339407255740038,0.3020754078669207,1.504673033952713
6,0.08887592459244556,23.34957763126918,23.160689081464493,0.3398403729245599,0.3020754078669207,1.5248946249485016
7,0.08857906588941421,23.363276481628418,23.160689081464493,0.3413597570865282,0.3020754078669207,1.5186978876590729
8,0.08806797641476519,23.368012837001256,23.160689081464493,0.3410546306986362,0.3020754078669207,1.5214689373970032
9,0.08814013650101658,23.39177063533238,23.160689081464493,0.34205087520448224,0.3020754078669207,1.5176180005073547
10,0.08755067917273233,23.383435794285365,23.160689081464493,0.3431167421929006,0.3020754078669207,1.5102660655975342
11,0.0886930424327913,23.4168336050851,23.160689081464493,0.3444349132145622,0.3020754078669207,1.5037194788455963
12,0.0880052420604778,23.385513714381627,23.160689081464493,0.34523437464875834,0.3020754078669207,1.5198404788970947
13,0.08714759213800885,23.41835512433733,23.160689081464493,0.34441077907104045,0.3020754078669207,1.51225945353508
14,0.0886638781153842,23.42275047302246,23.160689081464493,0.34693253968310145,0.3020754078669207,1.518904209136963
15,0.08788748406560014,23.42214720589774,23.160689081464493,0.3452018899344174,0.3020754078669207,1.522819459438324
16,0.08810901752133903,23.435791015625,23.160689081464493,0.3469444663829303,0.3020754078669207,1.5172623097896576
17,0.08865525936217684,23.42858110155378,23.160689081464493,0.34711820216450306,0.3020754078669207,1.5153980553150177
18,0.0873634154957376,23.434937477111816,23.160689081464493,0.34644603709291133,0.3020754078669207,1.523093581199646
19,0.08812377103114206,23.428591183253697,23.160689081464493,0.3463306464587471,0.3020754078669207,1.5253280103206635
20,0.08789575384243538,23.44562108176095,23.160689081464493,0.34745596372522414,0.3020754078669207,1.5234322249889374
21,0.08778598958528355,23.44220965249198,23.160689081464493,0.34698392728543176,0.3020754078669207,1.5124225616455078
22,0.08786774321312182,23.44915907723563,23.160689081464493,0.3470664279967813,0.3020754078669207,1.5217587649822235
23,0.0881883006689972,23.434887204851425,23.160689081464493,0.346997762198693,0.3020754078669207,1.5242996215820312
24,0.08844085347740666,23.451290403093612,23.160689081464493,0.34652795516220586,0.3020754078669207,1.5226171612739563
25,0.08805154821541357,23.44940757751465,23.160689081464493,0.34627743414603174,0.3020754078669207,1.5186827182769775
26,0.08772713835596253,23.45996461595808,23.160689081464493,0.3475218020612374,0.3020754078669207,1.52469801902771
27,0.08694104705692123,23.450501986912318,23.160689081464493,0.3471746230996879,0.3020754078669207,1.5210648477077484
28,0.08794446521144557,23.457008634294784,23.160689081464493,0.34754656323431327,0.3020754078669207,1.520884394645691
29,0.08769148362702445,23.456592287336075,23.160689081464493,0.3474902051135099,0.3020754078669207,1.5224812626838684
30,0.08768791505625766,23.454669543675013,23.160689081464493,0.3472435546739559,0.3020754078669207,1.5232763886451721
