epoch,lr,time_s,train_pixel,train_ssim,train_sam,train_grad,train_lr_consistency,train_adv_g,train_d,train_total,val_psnr,val_ssim,val_sam_deg,val_ergas,val_ndvi_mae,val_psnr_B02,val_psnr_B03,val_psnr_B04,val_psnr_B08,val_gain_over_bicubic_db
1,4.98657864365227e-05,251.4,0.04751484443107222,0.3249697028062282,0.06356737668761331,0.11101248575162975,0.003935154101991019,2.3040289009883725,0.4426954364409342,0.10065446823371417,25.571803083514222,0.7271875544349746,1.4213892168337756,1.3264086335012228,0.02397708474925839,26.23573098324313,25.656544996960328,24.890193429323705,25.504743037837567,1.3852344833978307
2,4.946461621797824e-05,228.9,0.049530294032424,0.34279561279312015,0.06602319262203134,0.11571442994479003,0.004820439272295224,2.6441415039974836,0.3766718100158268,0.106599488032934,24.596791956684378,0.6851142618325677,1.644673718084203,1.4841964917607826,0.028095803324981492,25.29311506819017,24.77668823582111,23.914211443155118,24.40315328730215,0.41022335656798603
3,4.8800884649231264e-05,223.4,0.05086400326095767,0.35587110558708945,0.06838869045446462,0.11890195098834087,0.0050027632908309985,2.829824039842183,0.3268853206545972,0.11046504282070749,24.810100206054084,0.688290590844532,1.591002609470103,1.4419169157448382,0.026902014426518194,25.704703208243494,25.039070242702373,24.37986413559111,24.1167631149292,0.6235316059376927
4,4.788186371224372e-05,224.6,0.05102152119917165,0.35933263427026396,0.06856437581699337,0.11930784347020226,0.004889181078927903,2.9852660867011447,0.32797235249470913,0.11176364432897541,24.51697229630876,0.6712138344450752,1.6226700939754448,1.4883123730668928,0.027627335105201985,25.177367588080983,24.64540443798103,23.9849754182419,24.260141788142743,0.33040369619237
5,4.671762239271875e-05,231.3,0.05201682534696527,0.3678377529785892,0.0702067143880786,0.12150831938117415,0.005045900104984741,3.0375045399853597,0.31429349376282867,0.114078465489823,24.649576621480506,0.677748497317333,1.6318697055967728,1.4703367435105956,0.027764669960678213,25.30435085296631,24.81979967816041,24.057437632343557,24.41671837910567,0.46300802136411434
6,4.532091636218622e-05,242.6,0.0525017086705318,0.3741453732471909,0.07096639209823803,0.12233991723539483,0.005520625632530322,2.962676656806571,0.31002472037968587,0.1149470076551695,24.530356274973048,0.667402307290842,1.641056532907014,1.491162124246654,0.028096745390039268,25.20625071950478,24.699798111868375,23.894344868046222,24.32103119274177,0.3437876748566566
7,4.370704822419616e-05,228.0,0.053004836993376124,0.37828105364235914,0.07130380485420626,0.12331583947671057,0.005431040181205249,3.1327295860637236,0.3061856358268432,0.11677067689324691,23.74884512872979,0.6417990719327832,1.7320156522316508,1.6300026148852735,0.02950552782265119,24.36473289810785,23.846152357535786,23.24919083094833,23.53530459828896,-0.43772347138660095
8,4.1893699855792026e-05,232.9,0.05324766876219211,0.3812056012788244,0.0720096482407479,0.12410374048992683,0.005722173307686862,2.9708036147558357,0.30969038407186955,0.11660013393122562,25.09088895816614,0.7013814340133478,1.5378557526239074,1.3993420842850561,0.026124657034910848,25.817837724591246,25.257294352691954,24.52063473616496,24.767789236389763,0.9043203580497483
9,3.990073868116559e-05,242.7,0.05300618601355688,0.3780971437292367,0.07160677809168167,0.1232706325467544,0.005796814139438304,3.225828407120792,0.31502248736224664,0.11726859480970436,24.680025582266325,0.6751512548711041,1.6280067026024998,1.464992887902968,0.02787075809544266,25.340371651224572,24.831580974087856,24.05188282881633,24.496267082667586,0.49345698214993305
10,3.775e-05,245.2,0.0534000389075523,0.383061379267037,0.07218763837647671,0.12454865620186113,0.00570819713402726,3.105604111838981,0.30828823088864443,0.11764183241796654,24.57716387569314,0.6729681171698145,1.6375507668103322,1.484117446854563,0.028006165426703963,25.306251516436586,24.805362465358016,23.9685954386645,24.22844626171754,0.3905952755767501
11,3.546504775535711e-05,230.7,0.053848594444165954,0.3862270204138843,0.07301835115585062,0.12543069384992123,0.006135691297883042,3.0645672154040855,0.30682840072396367,0.11833015435872206,24.644702996357832,0.6782072584817905,1.6408587998092765,1.4734826610229983,0.02805845668115238,25.38201401965453,24.893847937631136,24.082537802139132,24.220412263775817,0.4581343962414408
12,3.307091636218622e-05,230.8,0.05386745086296829,0.3864220079484877,0.07272046192643553,0.12547864928450414,0.0062897105480092825,3.015059495401615,0.30055399744368305,0.1181238759695683,24.338213354054062,0.6569754707046075,1.6739253136191037,1.525416622067442,0.02864289974406509,24.98566785661301,24.50497507340837,23.694178250756593,24.16803252342904,0.15164475393767063
13,3.05938364250351e-05,267.6,0.05456807840074229,0.3924444164621379,0.07429783640518076,0.1270333698158117,0.006377056867745051,3.128264538861893,0.29976668136166773,0.12015810932495583,24.274208125501577,0.6611952625288822,1.6243635593074384,1.5332350397464072,0.02764697787859062,24.8610308241136,24.30774738764999,23.69499355731624,24.233061072849992,0.08763952538518538
14,2.8060947350057514e-05,310.6,0.05468507327812568,0.3967976428213574,0.07437042907216974,0.12705507318651865,0.006531368761683868,3.085823207984477,0.2881022442565203,0.12051836610913859,24.0798174319881,0.6431567205650972,1.7864035745658498,1.56342683717756,0.030548456756600943,24.956825256347656,24.433045840499425,23.66139827388348,23.26800025335633,-0.10675116812829089
15,2.5500000000000003e-05,303.8,0.0555007407050557,0.40315584781987907,0.07572175174387528,0.12889844671537662,0.007193729290380501,3.203746139930427,0.2799497849794937,0.12278543961926913,23.83699097963843,0.6279498182310916,1.9749725419696014,1.606785800197337,0.03415326357330426,24.96807818837685,24.499407739922553,23.456608309604153,22.423869831727284,-0.34957762047796237
