epoch,lr,time_s,train_pixel,train_ssim,train_sam,train_grad,train_lr_consistency,train_total,val_psnr,val_ssim,val_sam_deg,val_ergas,val_ndvi_mae,val_psnr_B02,val_psnr_B03,val_psnr_B04,val_psnr_B08,val_gain_over_bicubic_db
1,0.00019997025496302866,79.4,0.051437475417393755,0.377960037650777,0.07241205710484352,0.11685968072748998,0.006030333369051921,0.09930010005561367,24.741950596080105,0.6937457730038827,1.6351145227917103,1.494966185143014,0.02787486872706218,25.609541315992338,25.057259150913783,24.290964110558775,24.01003747427163,0.7809712145508811
2,0.00019970607950702546,51.0,0.048895039851106346,0.342741347682387,0.06726176797818857,0.1135240466698702,0.0021848111739431846,0.09242694693733813,24.902601506529734,0.7067041506035989,1.5862544617232155,1.4664342856707693,0.02689089736815135,25.794771563105222,25.23063004117052,24.51029164450509,24.07471293361247,0.9416221250005101
3,0.00019916927176334064,51.6,0.04815229812881481,0.33583020527818286,0.06580430433837937,0.1119576228052982,0.0022027748891598723,0.09084369335621754,24.99850097624194,0.710074796646583,1.5591791317242534,1.4507357575813262,0.026294211176137963,25.89133897348612,25.326673163085424,24.62844808562463,24.147543482419824,1.0375215947127145
4,0.0001983613296031808,52.3,0.04781965597700666,0.3325203945313599,0.06517642417181137,0.1112525877219763,0.0022268604228507603,0.09011583291033926,25.07609337718547,0.7127790241932669,1.5427316457283597,1.438498283384227,0.025981311173718265,25.972362686606015,25.395671732285443,24.69670286098448,24.239636657618675,1.1151139956562446
5,0.00019728450745247887,53.4,0.047384872801975605,0.32909893582444816,0.06437829446957995,0.11029367958341617,0.002277154587641589,0.08925608145977543,25.102173324392623,0.7155076197716368,1.5381365110393332,1.4340117255679699,0.025906237538810037,25.99194681343912,25.42171507923543,24.71544004488392,24.27959156837784,1.1411939428633993
6,0.00019594181000129966,53.0,0.04729400750889722,0.3269930348325056,0.06428681058747537,0.11013850196003278,0.0023350492708699077,0.08894808224244331,25.132645318488112,0.718595384424474,1.5298689751564956,1.4290108815962528,0.025752125906624963,26.027417663766556,25.453095900912245,24.74714258338223,24.302925330250204,1.1716659369588882
7,0.0001943369838197607,64.6,0.04716873174710169,0.3251926594253792,0.06375961452165943,0.10986539721091376,0.002386802546540822,0.08860792895518602,25.173939063769428,0.7183755063960532,1.5201401264727616,1.422546467610768,0.0255630341624575,26.064949396277676,25.486280641635926,24.79594056746539,24.348585505445463,1.2129596822402036
8,0.00019247450690386192,71.2,0.04686494326872976,0.3225064737565235,0.06349041175371554,0.10917843898148012,0.002376579198854098,0.08798669171673638,25.20795380568304,0.7203042179095644,1.5122324185711997,1.416963311053124,0.025411098995911225,26.09680257524763,25.51613497533718,24.837519645690918,24.381357946315735,1.2469744241538159
9,0.00019035957618039539,71.5,0.04682465647660363,0.3214720108465807,0.06337990210239508,0.10909923060678876,0.0023662315948946816,0.08783243810052296,25.22969079217991,0.7209056572002523,1.506407396633084,1.4136002574648177,0.025302406764362288,26.11980351680467,25.536077747825814,24.858689829081047,24.404191962811126,1.2687114106506847
10,0.00018799809300580012,77.6,0.046712818379606356,0.32085050488230765,0.06305279073841162,0.10886407117960674,0.002445433294279312,0.08763825621062307,25.245467530579127,0.7222430101212334,1.503255023926246,1.411291382643355,0.025250098926304768,26.137053056925286,25.54987193356041,24.870128190817955,24.424817137357568,1.2844881490499027
11,0.00018539664669942505,79.8,0.046583503170640646,0.31964856570660116,0.0628235165622153,0.10855862915738543,0.0024296869808338828,0.08736043616636331,25.250029059017407,0.723000112576645,1.503200599375893,1.410304815829301,0.025262765277239706,26.139130175614557,25.550990633603906,24.876079270819655,24.433916520671684,1.2890496774881832
12,0.00018256249615714824,68.7,0.04648085948370055,0.31897583333507035,0.06280934972451997,0.10831639442191307,0.0024260604189283424,0.08717733643066412,25.27378074261321,0.7247044708298034,1.4960739362139661,1.4064683571082204,0.025115216330883382,26.162357562730293,25.575415699421857,24.903727515404967,24.453621936445476,1.3128013610839844
13,0.0001795035495966555,75.7,0.04650988779651953,0.31811473998087064,0.06274435456082814,0.10838492729938654,0.0024613628060563904,0.08712396274142865,25.2719874261808,0.7257190161392468,1.4979555103458275,1.406953707713039,0.02516519751775415,26.162413709303912,25.57394517369631,24.895655896483348,24.45593472488788,1.311008044651576
14,0.00017622834249089687,76.2,0.046504981899306005,0.31780491942657096,0.0626533571014473,0.1083818013713225,0.0024642003106257484,0.08708365234121951,25.287288168899153,0.726050547942394,1.4920416349122505,1.4046867469779583,0.025049388850843457,26.172865402798692,25.590647673406522,24.910471996339428,24.47516762308714,1.3263087873699284
15,0.00017274601375129303,57.6,0.04639806882493206,0.3166241807388013,0.06266475831066022,0.10813557903661036,0.002459008242435984,0.08684640522477721,25.3021441948514,0.726736464921166,1.4889904137919932,1.4018011133209998,0.024985644007649493,26.182990883578775,25.593625541494674,24.93188669701584,24.500073873696206,1.3411648133221767
16,0.00016906628022714877,59.2,0.04611165381435269,0.31534454051560246,0.06228572062217693,0.10747543762148762,0.0024484996029137053,0.08637901646429981,25.31933720372304,0.7264827462304541,1.4879900171977132,1.399564198836559,0.024969499992566698,26.20304161360284,25.621063064126407,24.952824392238586,24.50042010555748,1.3583578221938168
17,0.00016519940959242884,79.2,0.046335500339990364,0.316049566581893,0.06249707538073956,0.1080017543041019,0.0024646912800076566,0.0867118682501601,25.31531897312453,0.7270762797664193,1.4876319983927142,1.400024377498306,0.02497208649449113,26.200664231757155,25.61507883793166,24.943386855245638,24.502145883415928,1.3543395915953056
18,0.00016115619169555033,78.1,0.046088843539818375,0.3155324180454429,0.06228118710689,0.10743854522482435,0.0024875191623283392,0.08637682473726309,25.34201024159664,0.7279726112840557,1.4817522473695899,1.3960293784361928,0.024859273364031764,26.22639575926196,25.6408931988628,24.97230217236431,24.528449715686445,1.3810308600674155
19,0.00015694790845213592,79.8,0.04608420034514674,0.3140532731882663,0.062251745664545416,0.10743207452280035,0.0024759566672036986,0.08622131508197575,25.330446595905208,0.7286648954413518,1.4847343629147827,1.3977123403749545,0.024923477392299335,26.20994846760726,25.625989673518333,24.956006090180214,24.529842208413516,1.3694672143759838
20,0.00015258630236473667,77.6,0.04616552633069368,0.3150529257770282,0.06218275936318436,0.1076142085535231,0.0024809363434039524,0.08640876151581584,25.354302558578365,0.7284239933771246,1.4799906513771088,1.393878067741875,0.024828275970864195,26.23457201789407,25.651292312045058,24.985556658576517,24.545789041439026,1.3933231770491403
21,0.0001480835437573649,70.5,0.04599939835165392,0.3135035239008982,0.062024371195564657,0.10726528997227884,0.0024711625583931055,0.08606135055597716,25.360511667588177,0.7290444635793942,1.4779150330719828,1.3930747143360747,0.02478284834876281,26.24218967982701,25.65812324876545,24.991741781475163,24.54999217666498,1.3995322860589532
22,0.00014345219681626364,79.3,0.04600756518988052,0.3134214045398391,0.062122301098154094,0.10727060583033454,0.0024956609600789155,0.08606891778149625,25.348589600635176,0.7308057878448182,1.4800076174134968,1.394550295937963,0.024826603832052034,26.222415395143653,25.643216004892558,24.971067476673287,24.557659814337722,1.3876102191059516
23,0.00013870518453167036,79.8,0.0461104387932297,0.3138489433133869,0.06202949692466343,0.10752850060878975,0.002504649709983706,0.08622369893777841,25.356580269436876,0.7304161612977501,1.4775177082594704,1.3934820885417842,0.024779327405507073,26.23490806387252,25.653132855391302,24.982767618003013,24.555512155805314,1.3956008879076514
24,0.00013385575263839827,78.7,0.045908613180147294,0.3124621843833679,0.06194697167394383,0.10705673425053838,0.002474790338870126,0.08585249655258821,25.37982959106189,0.7302520540582031,1.4728180565753906,1.3899337048290157,0.024685162115654274,26.261026510671407,25.678413823873054,25.01313647101907,24.566741294219714,1.418850209532664
25,0.00012891743265585427,79.6,0.04584714853012956,0.31198104048742176,0.061788128317197585,0.10692913020019724,0.0024885051960042075,0.08572996671340381,25.37457060613552,0.7314985433295995,1.4747739684681933,1.390791058790784,0.02472405754687155,26.253519859634526,25.66913334662173,25.002114047523307,24.573515387142407,1.4135912246062965
26,0.00012390400413062283,80.7,0.04602977513606991,0.3132313674389362,0.06189215208305366,0.10734442281939303,0.002508547774162203,0.08606559601527904,25.394609884053718,0.7315836120553377,1.4699778123563076,1.3875712118729824,0.02463481273157757,26.275792121887207,25.690800546598034,25.02468060245033,24.587166297335585,1.433630502524494
27,0.00011882945618697185,79.0,0.04568196745865691,0.3109701268192035,0.06174350924702439,0.10652176614377644,0.0024692887309123637,0.08543917328803109,25.394490995326965,0.7314425341221464,1.470719140868227,1.3876083991607697,0.024653602297566517,26.272837149996718,25.691821715411017,25.022597473208645,24.590707578578918,1.4335116137977408
28,0.00011370794849256796,51.8,0.04571124566410814,0.311007360702136,0.06169086060583146,0.10660658481758457,0.0024760617410392364,0.08547446072864939,25.41086067071482,0.7320454473755941,1.4680670627525874,1.3849667781541328,0.024594904835328085,26.291971118510272,25.707064348108627,25.040548853513574,24.603858851585066,1.4498812891855941
29,0.00010855377174831898,55.1,0.04582829645406475,0.31107495376878,0.06169627687179165,0.10691506409244324,0.002519786017454898,0.08561833818684647,25.405511503460026,0.7316298974411828,1.4675290066154063,1.385932453540193,0.02458808071394803,26.282879637069062,25.69965017142416,25.035331686003868,24.604184847919882,1.444532121930802
30,0.00010338130781259019,58.1,0.045783297805833206,0.3108312756045778,0.06171531987196608,0.10678313935738108,0.002487979586789804,0.08554014695158255,25.40740059604164,0.7329013481610963,1.4681018120100517,1.3853196732136381,0.0246072244290419,26.280709266662598,25.70303375981435,25.03304601717396,24.612813352536755,1.4464212145124158
31,9.820498957106136e-05,59.4,0.045722956732392565,0.3103837445298788,0.061711192628012904,0.10664970389584212,0.0024930489796940376,0.08542868142734851,25.41017388095375,0.7332664852132317,1.4662893960455887,1.3849354216030665,0.024563983188425544,26.278499066328802,25.704041753496444,25.040816956207532,24.617337807887743,1.4491944994245252
32,9.303926066420074e-05,49.2,0.045657386092852754,0.3097600470612118,0.06137773710260269,0.10647594731543591,0.0024491536363675046,0.08527099099427685,25.42351305985651,0.7329082426403751,1.4654221664957638,1.3831145828511535,0.024554062705142658,26.299712261232006,25.717828077428482,25.05199482861687,24.624517400725548,1.4625336783272864
33,8.789853518472934e-05,48.7,0.04576652495661629,0.31065558197658627,0.06151076149803725,0.1067470068006658,0.002508480588357852,0.08549582031868565,25.43615442965211,0.732951067951547,1.463340003951257,1.3811209056557727,0.02451163830094728,26.315099820369433,25.73062367799903,25.068019289930326,24.630875074562905,1.4751750481228854
34,8.27971574575334e-05,55.6,0.04574206301081715,0.3109973383433282,0.06156552199715611,0.10670417118638659,0.0024981050172635812,0.08550509272526906,25.413236473788736,0.7340296734781826,1.4657022740159715,1.3845047106762893,0.024551430220144384,26.28734632700431,25.7088153342239,25.039464902477103,24.617319399569215,1.4522570922595115
35,7.774936201425217e-05,63.3,0.04551223049828884,0.30943550581357016,0.061361205011701635,0.10615758568032574,0.0024732819057875803,0.08507904959017591,25.442829644980552,0.7342724825153831,1.4607391845779258,1.3801108280650707,0.024466964130548118,26.3187354592716,25.738334126833106,25.07046314848571,24.6437857211137,1.481850263451328
36,7.276923387422532e-05,61.2,0.04569768217236217,0.30969209025992656,0.0616147874267086,0.10660282191656442,0.002506147086716743,0.08532838702694838,25.442212874148073,0.7342898982162235,1.4609866948688732,1.3800778211164875,0.02447149290570191,26.316859093032964,25.737303517445795,25.06998348236084,24.64470569626624,1.4812334926188484
37,6.787066924262865e-05,67.9,0.045736697161512546,0.31041077437751957,0.0615502048240082,0.10669425165672312,0.002482528621484918,0.08543825118525178,25.423142994151394,0.735112079427022,1.4633768260979854,1.382968254950868,0.024515497564737285,26.288455458248364,25.712459788602942,25.05059958706383,24.641057703675344,1.4621636126221702
38,6.306733673546453e-05,78.9,0.04570372911366925,0.30951754222430183,0.061515606331500834,0.10663244086879295,0.002530320034896122,0.08531591831333736,25.44065784005558,0.734724672151213,1.4608684322413277,1.3801651096143643,0.024466314646532806,26.312566973582037,25.73072892677884,25.0697613083014,24.6495741355319,1.4796784585263545
39,5.8372639239600634e-05,71.8,0.04549072912259061,0.3085166489429128,0.061404189331459004,0.10612715094120678,0.002498001231078412,0.08496876165525254,25.453062169692096,0.734511759726941,1.4584829669539667,1.3784293567433077,0.02442464098224745,26.32757491424304,25.74754678101099,25.082637546443138,24.654489397000866,1.4920827881628718
40,5.3799676514281536e-05,73.9,0.045639830541060473,0.30930574567493535,0.06141057242753666,0.1064672269117934,0.0025022001697243518,0.08521451585972831,25.451408586582215,0.7348675398516054,1.4586918955089665,1.3784873538157518,0.024426058466945375,26.323033621331223,25.74499588653821,25.08209851208855,24.655506250237217,1.4904292050529904
41,4.9361208638466235e-05,59.6,0.04555014913688983,0.30850696741834904,0.0612292385271481,0.1062538731274699,0.002496469166058264,0.08502464882210453,25.454665512597863,0.7346546028842446,1.4576320961242963,1.3781203452278585,0.02441237639917546,26.326205678346778,25.747933796473912,25.082553070132473,24.66196968976189,1.493686131068639
42,4.506962040598635e-05,58.8,0.045457423007634556,0.3081219557636957,0.06133255838409559,0.10603260248104307,0.0024945932617381197,0.08488733630345115,25.46275588444301,0.735358845786888,1.4570894163696706,1.3769005697314478,0.02439994242496225,26.33554612488306,25.75668799776991,25.09327780298826,24.665511936700646,1.5017765029137848
43,4.093688676787367e-05,60.2,0.045640996407832764,0.3086655220710608,0.061537279732517394,0.10648735422589355,0.0024662722798418192,0.08515540806610404,25.465031303277538,0.7349785613913496,1.4565083479680936,1.3766383393471981,0.02439028549814174,26.339586057582824,25.75829467452875,25.094220850648,24.668024095166633,1.5040519217483137
44,3.697453941828504e-05,60.8,0.0455441566873958,0.3084208151065171,0.06141841113010745,0.10625341342585191,0.002485646401221885,0.08501839453280927,25.471191053630925,0.7350533083707345,1.454927369826982,1.3757129955191572,0.02435607645081497,26.344974790300643,25.763261322213822,25.102664923467557,24.673863006239177,1.5102116721017005
45,3.319363461726031e-05,62.0,0.04562327132352579,0.3091099504600085,0.061321698765299235,0.10643952811413157,0.0024807273601345804,0.08517040104755343,25.46187279004009,0.7358574551694533,1.4563272026907497,1.3770194749872224,0.02438093032374853,26.331684561336743,25.75248645333683,25.092859452512084,24.670461145769647,1.5008934085108656
46,2.960472234009898e-05,61.1,0.04548800988530337,0.30845888148249784,0.06123499701886956,0.10614233619057381,0.002453497031021748,0.08494811501103507,25.472058087837798,0.7353352389666212,1.455563220156341,1.3756711332737899,0.024367684952351226,26.34685866572276,25.76643959013354,25.10373081880457,24.67120322459886,1.5110787063085738
47,2.621781683943868e-05,60.8,0.045527380943823144,0.3076540629917173,0.06140747391236121,0.10622290800561136,0.002499917950958268,0.08492429864571978,25.47166474927373,0.7354458072105375,1.4554133067111008,1.3756134492509506,0.02436202928470839,26.345530181371863,25.764578811260833,25.1023550915117,24.674195141351525,1.5106853677445073
48,2.3042368702176975e-05,60.1,0.04539602778239718,0.3083036223241588,0.0612950677543147,0.10592921824455898,0.002481650213587715,0.08483576986902933,25.477935742931205,0.7355812697851357,1.4543147059548802,1.3746519449378263,0.024342894358482182,26.35040001107865,25.770667973686667,25.110707082668274,24.67996800847414,1.5169563614019808
49,2.0087238479207416e-05,61.0,0.04541664440562529,0.30725902840574626,0.061240665761708196,0.10594966628349196,0.0024805267771562858,0.08475011704825541,25.46912884912571,0.7357914454045416,1.4548161483111501,1.375954516795503,0.024352968177374673,26.33817538093118,25.76054940103483,25.100014374035748,24.67777614833928,1.5081494675964855
50,1.7360671961550855e-05,56.5,0.04537198498542942,0.307571615518857,0.06125096329900346,0.1058849737588853,0.0024965299106289494,0.08473559710711018,25.473668651420528,0.7358654046259007,1.4548421061339498,1.3752904203759522,0.024357251635118694,26.34642521673892,25.76659727497261,25.102415140937357,24.67923676867445,1.512689269891304
51,1.4870277171870523e-05,79.0,0.045415511547628566,0.30771433181162194,0.061224367139560816,0.10595442964561212,0.0024669972027720546,0.08479258502369375,25.475560933601958,0.7358168263395294,1.4542582353123097,1.3750303540410114,0.02434522391711714,26.346280186116193,25.76809289275097,25.1060313056497,24.681839353897992,1.514581552072734
52,1.2623003135571654e-05,62.0,0.04551175409448885,0.3076465215092662,0.06114790790983682,0.106186940188628,0.0025102486278565568,0.0848941742666185,25.468406484908417,0.7362039044123738,1.4549630414538022,1.3759257427784575,0.024356137068957843,26.337002265353163,25.75987583448907,25.098023574893215,24.678723776039956,1.507427103379193
53,1.0625120490721574e-05,59.7,0.04550215821582009,0.30775762374016874,0.061271197334520335,0.10617889313617664,0.002491843157866324,0.08489961018080136,25.473607512081372,0.7358917781785757,1.4544894572566538,1.3752658279503094,0.0243476365121598,26.344541950386112,25.765844040558118,25.102605883814707,24.6814381455173,1.512628130552148
54,8.882203990894811e-06,53.3,0.04551789804839846,0.3080415440089166,0.061367234932765635,0.10620867766304738,0.0025117807917738196,0.08495202641079368,25.477766165212422,0.7360371074506215,1.4534458395312815,1.3746635923866464,0.02432775215300567,26.34872184881643,25.769864667363528,25.107856021207922,24.684621818927155,1.516786783683198
55,7.3991169497662256e-06,52.2,0.04546442516386636,0.3079991303742123,0.06133186948369381,0.10610580361242483,0.0025173992634449738,0.08488796232715487,25.47985908764751,0.7360084264719186,1.45347534808792,1.37432763857,0.024329828521033294,26.350191829585228,25.77179719620392,25.110633160887645,24.686814091786616,1.5188797061182875
56,6.179997670856905e-06,69.8,0.045494980446143495,0.30790879193339554,0.06121246213751389,0.10614111462534428,0.0025005862478359644,0.08490359757330146,25.478563076307793,0.7360292411401492,1.4537143727310566,1.3745398594050848,0.024335137169275965,26.350147952552604,25.770936965942383,25.10782176907323,24.685345361212722,1.517583694778569
57,5.22824790029813e-06,80.3,0.0453637816258403,0.3076681211638476,0.061196256333538666,0.1058514162405069,0.0024682302391971587,0.08472980102852162,25.478821201484745,0.7361563908703187,1.4533940112891317,1.3744654400008065,0.0243291636506299,26.350365061719877,25.770513734897644,25.108210066787336,24.686196227033598,1.517841819955521
58,4.546523334834215e-06,54.7,0.04556429505411818,0.3073695454678897,0.061382872242333415,0.10632577443071974,0.0024927822356644058,0.08493596067296276,25.47713635548824,0.736246214443896,1.4535206260801363,1.374669478220098,0.024331251296269542,26.346866431356478,25.768829938744297,25.106915866627414,24.6859334176328,1.516156973959017
59,4.136726211550007e-06,56.0,0.04550999176778941,0.30804253769531575,0.06110084083491863,0.10619726574312788,0.0025177120278055683,0.08493092265318018,25.47860055811265,0.7362184196460146,1.4533137829363847,1.3744618126324244,0.024326317806673402,26.349292482648575,25.769731802098892,25.10820341510933,24.687174624755603,1.5176211765834253
60,4.000000000000001e-06,55.7,0.045392466146447236,0.3079945474958471,0.061140006131779806,0.10590957468544533,0.0024934812148748684,0.08479374846723825,25.4799700905295,0.7361860037350855,1.4532643676805896,1.3743452169314152,0.024325907723430323,26.35131143521862,25.77193543089538,25.1098722489942,24.686760894390716,1.518990709000274
